epoch,t_rel,en0_opkts,en0_oerrs,en7_opkts,en7_oerrs
1788069205.033,0.051,0,0,0,0
1788069205.262,0.280,0,0,6,0
1788069205.493,0.511,0,0,7,0
1788069205.725,0.742,0,0,7,0
1788069205.949,0.967,1,0,8,0
1788069206.179,1.197,1,0,8,0
1788069206.433,1.451,1,0,176,0
1788069206.660,1.678,2,0,186,0
1788069206.892,1.910,2,0,195,0
1788069207.111,2.128,2,0,203,0
1788069207.340,2.358,2,0,213,0
1788069207.562,2.580,2,0,223,0
1788069207.925,2.943,2,0,234,0
1788069208.247,3.264,2,0,249,0
1788069208.488,3.506,2,0,257,0
1788069208.724,3.742,2,0,281,0
1788069208.985,4.002,2,0,293,0
1788069209.226,4.244,2,0,304,0
1788069209.460,4.478,2,0,312,0
1788069209.698,4.716,2,0,323,0
1788069209.931,4.949,2,0,333,0
1788069210.160,5.177,2,0,341,0
1788069210.394,5.412,2,0,351,0
1788069210.634,5.651,6,0,361,0
1788069210.869,5.887,6,0,371,0
1788069211.098,6.116,6,0,381,0
1788069211.332,6.350,6,0,385,0
1788069211.561,6.579,6,0,385,0
1788069211.796,6.814,6,0,386,0
1788069212.027,7.045,6,0,390,0
1788069212.252,7.270,6,0,390,0
1788069212.486,7.503,6,0,392,0
1788069212.710,7.728,6,0,393,0
1788069212.939,7.957,6,0,393,0
1788069213.169,8.187,6,0,396,0
1788069213.456,8.474,6,0,396,0
1788069213.691,8.709,6,0,401,0
1788069213.928,8.946,6,0,402,0
1788069214.158,9.176,6,0,404,0
1788069214.394,9.412,6,0,405,0
1788069214.708,9.725,6,0,410,0
1788069214.951,9.969,6,0,522,0
1788069215.198,10.216,6,0,535,0
1788069215.452,10.470,6,0,545,0
1788069215.701,10.718,7,0,555,0
1788069215.931,10.949,7,0,563,0
1788069216.160,11.178,8,0,573,0
1788069216.395,11.413,8,0,586,0
1788069216.632,11.649,8,0,929,0
1788069216.869,11.887,8,0,971,0
1788069217.174,12.192,8,0,981,0
1788069217.401,12.418,8,0,1008,0
1788069217.640,12.658,8,0,1017,0
1788069217.872,12.890,8,0,1027,0
1788069218.103,13.121,8,0,1070,0
1788069218.335,13.353,8,0,1081,0
1788069218.563,13.581,8,0,1091,0
1788069218.793,13.811,8,0,1099,0
1788069219.026,14.044,8,0,1109,0
1788069219.256,14.274,8,0,1121,0
1788069219.491,14.509,8,0,1133,0
1788069219.727,14.745,8,0,1136,0
1788069219.959,14.976,8,0,1137,0
1788069220.194,15.212,8,0,1137,0
1788069220.429,15.447,8,0,1137,0
1788069220.659,15.677,8,0,1143,0
1788069220.895,15.912,8,0,1146,0
1788069221.130,16.148,8,0,1148,0
1788069221.393,16.411,8,0,1149,0
1788069221.632,16.650,9,0,1149,0
1788069221.863,16.880,9,0,1149,0
1788069222.096,17.114,9,0,1156,0
1788069222.331,17.349,9,0,1156,0
1788069222.558,17.576,9,0,1158,0
1788069222.794,17.812,9,0,1158,0
1788069223.032,18.050,9,0,1161,0
1788069223.273,18.291,9,0,1169,0
1788069223.501,18.518,9,0,1177,0
1788069223.735,18.753,9,0,1187,0
1788069223.966,18.984,9,0,1196,0
1788069224.197,19.215,9,0,1206,0
1788069224.431,19.448,9,0,1217,0
1788069224.659,19.677,9,0,1227,0
1788069224.894,19.912,9,0,1237,0
1788069225.148,20.166,9,0,1253,0
1788069225.386,20.404,9,0,1263,0
1788069225.624,20.641,9,0,1273,0
1788069225.858,20.876,9,0,1282,0
1788069226.098,21.116,9,0,1292,0
1788069226.333,21.351,9,0,1317,0
1788069226.577,21.595,9,0,1330,0
1788069226.817,21.835,9,0,1342,0
1788069227.057,22.075,9,0,1351,0
1788069227.293,22.311,9,0,1363,0
1788069227.529,22.546,9,0,1371,0
1788069227.759,22.777,9,0,1379,0
1788069227.990,23.007,9,0,1394,0
1788069228.221,23.239,9,0,1394,0
1788069228.449,23.466,9,0,1395,0
1788069228.693,23.711,9,0,1504,0
1788069228.927,23.945,9,0,1506,0
1788069229.210,24.227,9,0,1511,0
1788069229.455,24.472,10,0,1512,0
1788069229.689,24.707,10,0,1513,0
1788069229.913,24.930,10,0,1513,0
1788069230.147,25.164,10,0,1515,0
1788069230.382,25.400,10,0,1518,0
1788069230.624,25.642,10,0,1520,0
1788069230.880,25.897,10,0,1905,0
1788069231.108,26.126,10,0,1913,0
1788069231.344,26.362,10,0,1913,0
1788069231.578,26.596,10,0,1914,0
1788069231.803,26.820,10,0,1925,0
1788069232.034,27.051,11,0,1935,0
1788069232.265,27.282,11,0,1943,0
1788069232.510,27.528,11,0,1957,0
1788069232.745,27.762,11,0,1967,0
1788069232.979,27.997,11,0,1975,0
1788069233.207,28.224,11,0,1986,0
1788069233.441,28.459,11,0,1994,0
1788069233.677,28.695,11,0,2007,0
1788069233.913,28.931,11,0,2015,0
1788069234.144,29.162,12,0,2026,0
1788069234.378,29.395,12,0,2034,0
1788069234.599,29.617,16,0,2044,0
1788069234.835,29.853,16,0,2055,0
1788069235.064,30.081,16,0,2064,0
1788069235.297,30.315,16,0,2072,0
1788069235.529,30.546,16,0,2083,0
1788069235.760,30.778,16,0,2091,0
1788069235.993,31.011,16,0,2104,0
1788069236.228,31.246,16,0,2114,0
1788069236.466,31.483,16,0,2123,0
1788069236.701,31.718,16,0,2125,0
1788069236.936,31.954,16,0,2229,0
1788069237.171,32.188,16,0,2231,0
1788069237.401,32.419,16,0,2231,0
1788069237.641,32.659,16,0,2234,0
1788069237.882,32.899,16,0,2234,0
1788069238.125,33.143,16,0,2242,0
1788069238.352,33.370,16,0,2242,0
1788069238.592,33.609,16,0,2244,0
1788069238.832,33.850,16,0,2246,0
1788069239.058,34.076,16,0,2247,0
1788069239.296,34.314,17,0,2250,0
1788069239.534,34.551,17,0,2251,0
1788069239.767,34.784,18,0,2253,0
1788069239.999,35.017,18,0,2255,0
1788069240.235,35.252,18,0,2266,0
1788069240.470,35.488,18,0,2274,0
1788069240.696,35.714,18,0,2289,0
1788069240.925,35.943,18,0,2298,0
1788069241.158,36.175,18,0,2307,0
1788069241.391,36.409,20,0,2317,0
1788069241.619,36.637,28,0,2330,0
1788069241.848,36.866,28,0,2338,0
1788069242.087,37.105,28,0,2350,0
1788069242.318,37.335,28,0,2359,0
1788069242.550,37.568,28,0,2371,0
1788069242.792,37.809,28,0,2384,0
1788069243.020,38.038,29,0,2392,0
1788069243.252,38.270,29,0,2407,0
1788069243.492,38.509,29,0,2415,0
1788069243.717,38.735,29,0,2425,0
1788069243.944,38.962,29,0,2435,0
1788069244.179,39.196,29,0,2445,0
1788069244.412,39.430,29,0,2477,0
1788069244.648,39.665,29,0,2489,0
1788069244.884,39.901,29,0,2510,0
1788069245.164,40.182,29,0,2514,0
1788069245.399,40.417,29,0,2520,0
1788069245.669,40.686,29,0,2523,0
1788069245.912,40.930,29,0,2524,0
1788069246.153,41.171,29,0,2526,0
1788069246.400,41.418,29,0,2529,0
1788069246.660,41.678,29,0,2530,0
1788069246.901,41.919,29,0,2531,0
1788069247.139,42.157,29,0,2532,0
1788069247.367,42.385,29,0,2535,0
1788069247.623,42.640,29,0,2535,0
1788069247.865,42.883,29,0,2536,0
1788069248.099,43.117,29,0,2538,0
1788069248.347,43.365,30,0,2538,0
1788069248.594,43.612,30,0,2550,0
1788069248.836,43.854,30,0,2558,0
1788069249.086,44.104,30,0,2570,0
1788069249.320,44.338,30,0,2581,0
1788069249.670,44.687,30,0,2591,0
1788069249.909,44.926,30,0,2600,0
1788069250.142,45.160,30,0,2611,0
1788069250.386,45.404,30,0,2619,0
1788069250.618,45.636,30,0,2635,0
1788069250.852,45.870,30,0,2645,0
1788069251.093,46.111,30,0,2656,0
1788069251.333,46.351,30,0,2665,0
1788069251.573,46.591,30,0,2677,0
1788069251.803,46.821,30,0,2685,0
1788069252.036,47.054,30,0,2698,0
1788069252.285,47.303,30,0,2734,0
1788069252.518,47.536,30,0,2745,0
1788069252.752,47.770,30,0,2755,0
1788069252.991,48.009,30,0,2765,0
1788069253.228,48.246,33,0,2773,0
1788069253.467,48.484,39,0,2777,0
1788069253.807,48.825,42,0,2779,0
1788069254.037,49.055,45,0,3154,0
1788069254.264,49.282,45,0,3169,0
1788069254.535,49.552,46,0,3173,0
1788069254.763,49.781,46,0,3174,0
1788069254.995,50.013,46,0,3174,0
1788069255.226,50.244,46,0,3176,0
1788069255.456,50.474,47,0,3176,0
1788069255.689,50.707,47,0,3179,0
1788069255.963,50.981,47,0,3188,0
1788069256.197,51.214,47,0,3188,0
1788069256.431,51.448,47,0,3191,0
1788069256.656,51.673,47,0,3191,0
1788069256.879,51.897,47,0,3194,0
1788069257.105,52.123,47,0,3202,0
1788069257.334,52.352,47,0,3214,0
1788069257.563,52.581,47,0,3222,0
1788069257.795,52.812,47,0,3232,0
1788069258.023,53.041,47,0,3241,0
1788069258.252,53.270,47,0,3249,0
1788069258.486,53.504,48,0,3261,0
1788069258.718,53.736,52,0,3269,0
1788069258.948,53.966,52,0,3278,0
1788069259.184,54.201,52,0,3288,0
1788069259.423,54.441,52,0,3301,0
1788069259.679,54.696,52,0,3313,0
1788069259.917,54.935,52,0,3324,0
1788069260.148,55.166,52,0,3332,0
1788069260.374,55.392,52,0,3342,0
1788069260.630,55.648,52,0,3352,0
1788069260.864,55.882,58,0,3362,0
1788069261.171,56.189,58,0,3392,0
1788069261.400,56.418,58,0,3403,0
1788069261.634,56.652,58,0,3411,0
1788069261.864,56.882,58,0,3416,0
1788069262.096,57.113,58,0,3419,0
1788069262.326,57.344,58,0,3419,0
1788069262.557,57.575,58,0,3423,0
1788069262.788,57.805,58,0,3423,0
1788069263.014,58.031,58,0,3426,0
1788069263.249,58.266,58,0,3426,0
1788069263.478,58.496,58,0,3426,0
1788069263.708,58.726,58,0,3428,0
1788069263.941,58.959,58,0,3428,0
1788069264.167,59.185,58,0,3431,0
1788069264.399,59.417,58,0,3431,0
1788069264.630,59.647,58,0,3433,0
1788069264.859,59.877,58,0,3435,0
1788069265.100,60.117,58,0,3436,0
1788069265.335,60.353,58,0,3440,0
1788069265.567,60.585,58,0,3450,0
1788069265.798,60.816,58,0,3460,0
1788069266.033,61.051,58,0,3468,0
1788069266.265,61.283,58,0,3479,0
1788069266.493,61.511,58,0,3487,0
1788069266.725,61.742,58,0,3499,0
1788069266.956,61.973,58,0,3507,0
1788069267.183,62.201,58,0,3539,0
1788069267.416,62.434,59,0,3550,0
1788069267.649,62.667,59,0,3558,0
1788069267.882,62.900,59,0,3568,0
1788069268.120,63.138,59,0,3578,0
1788069268.350,63.367,59,0,3586,0
1788069268.581,63.599,59,0,3596,0
1788069268.816,63.834,59,0,3605,0
1788069269.045,64.063,59,0,3613,0
1788069269.275,64.292,59,0,3625,0
1788069269.504,64.522,59,0,3633,0
1788069269.733,64.750,60,0,3644,0
1788069269.966,64.984,60,0,3654,0
1788069270.193,65.210,60,0,3658,0
1788069270.426,65.444,60,0,3660,0
1788069270.659,65.676,60,0,3660,0
1788069270.891,65.909,60,0,3661,0
1788069271.118,66.136,60,0,3661,0
1788069271.348,66.366,60,0,3666,0
1788069271.577,66.595,60,0,3666,0
1788069271.808,66.826,60,0,3670,0
1788069272.035,67.052,60,0,3673,0
1788069272.265,67.283,60,0,3674,0
1788069272.491,67.509,60,0,3678,0
1788069272.720,67.737,60,0,3678,0
1788069272.950,67.968,60,0,3679,0
1788069273.182,68.200,60,0,3679,0
1788069273.407,68.425,60,0,3679,0
1788069273.640,68.657,60,0,3683,0
1788069273.866,68.883,60,0,3693,0
1788069274.094,69.111,60,0,3702,0
1788069274.324,69.342,60,0,3710,0
1788069274.553,69.571,60,0,3723,0
1788069274.783,69.800,60,0,3731,0
1788069275.011,70.029,60,0,3739,0
1788069275.239,70.256,60,0,3750,0
1788069275.465,70.483,60,0,3758,0
1788069275.693,70.711,60,0,3768,0
1788069275.924,70.942,60,0,3778,0
1788069276.153,71.171,60,0,3787,0
1788069276.383,71.401,60,0,3795,0
1788069276.615,71.633,60,0,3807,0
1788069276.844,71.862,60,0,3816,0
1788069277.075,72.093,60,0,3827,0
1788069277.309,72.327,60,0,3835,0
1788069277.543,72.560,60,0,3843,0
1788069277.776,72.794,60,0,3854,0
1788069278.008,73.026,60,0,3862,0
1788069278.234,73.251,60,0,3872,0
1788069278.467,73.485,60,0,3880,0
1788069278.697,73.715,60,0,3881,0
1788069278.928,73.946,60,0,3881,0
1788069279.153,74.171,60,0,3883,0
1788069279.383,74.401,60,0,3883,0
1788069279.614,74.632,60,0,3886,0
1788069279.850,74.867,60,0,3886,0
1788069280.083,75.101,60,0,3886,0
1788069280.316,75.334,60,0,3888,0
1788069280.549,75.567,60,0,3888,0
1788069280.777,75.795,60,0,3896,0
1788069281.007,76.024,60,0,3896,0
1788069281.236,76.253,60,0,3898,0
1788069281.465,76.482,60,0,3898,0
1788069281.692,76.709,60,0,3899,0
1788069281.916,76.934,60,0,3899,0
1788069282.144,77.162,60,0,3953,0
1788069282.374,77.392,61,0,3966,0
1788069282.604,77.622,65,0,3975,0
1788069282.834,77.852,65,0,3985,0
1788069283.067,78.085,65,0,3995,0
1788069283.300,78.318,65,0,4003,0
1788069283.532,78.550,65,0,4013,0
1788069283.760,78.778,66,0,4023,0
1788069283.992,79.009,66,0,4031,0
1788069284.219,79.237,66,0,4042,0
1788069284.448,79.466,66,0,4050,0
1788069284.675,79.693,66,0,4062,0
1788069284.906,79.924,66,0,4072,0
1788069285.132,80.150,66,0,4080,0
1788069285.356,80.373,66,0,4089,0
1788069285.582,80.600,66,0,4097,0
1788069285.810,80.828,66,0,4109,0
1788069286.042,81.060,66,0,4127,0
1788069286.276,81.293,66,0,4140,0
1788069286.507,81.525,66,0,4148,0
1788069286.736,81.754,66,0,4158,0
1788069286.965,81.983,66,0,4160,0
1788069287.194,82.212,66,0,4160,0
1788069287.425,82.442,66,0,4160,0
1788069287.653,82.671,67,0,4161,0
1788069287.882,82.900,67,0,4163,0
1788069288.109,83.127,67,0,4165,0
1788069288.342,83.360,67,0,4165,0
1788069288.573,83.591,67,0,4166,0
1788069288.805,83.822,67,0,4166,0
1788069289.033,84.051,67,0,4168,0
1788069289.261,84.279,67,0,4170,0
1788069289.490,84.508,67,0,4171,0
1788069289.721,84.739,67,0,4171,0
1788069289.949,84.967,67,0,4171,0
1788069290.180,85.197,68,0,4172,0
1788069290.403,85.421,68,0,4178,0
1788069290.633,85.650,68,0,4189,0
1788069290.855,85.872,68,0,4197,0
1788069291.086,86.104,68,0,4223,0
1788069291.320,86.337,68,0,4238,0
1788069291.549,86.566,68,0,4246,0
1788069291.779,86.797,68,0,4258,0
1788069292.009,87.027,68,0,4269,0
1788069292.244,87.261,68,0,4277,0
1788069292.471,87.488,68,0,4288,0
1788069292.698,87.716,68,0,4298,0
1788069292.924,87.942,69,0,4306,0
1788069293.152,88.170,69,0,4317,0
1788069293.388,88.406,69,0,4325,0
1788069293.616,88.634,69,0,4337,0
1788069293.843,88.861,69,0,4345,0
1788069294.075,89.093,69,0,4353,0
1788069294.303,89.320,69,0,4364,0
1788069294.533,89.551,69,0,4372,0
1788069294.765,89.783,69,0,4381,0
1788069294.991,90.008,69,0,4391,0
1788069295.220,90.238,69,0,4397,0
1788069295.449,90.467,69,0,4397,0
1788069295.677,90.695,69,0,4401,0
1788069295.909,90.926,69,0,4401,0
1788069296.140,91.157,69,0,4403,0
1788069296.364,91.382,69,0,4405,0
1788069296.594,91.612,69,0,4405,0
1788069296.824,91.842,69,0,4406,0
1788069297.053,92.071,69,0,4406,0
1788069297.284,92.302,70,0,4408,0
1788069297.511,92.529,70,0,4410,0
1788069297.742,92.760,70,0,4411,0
1788069297.971,92.988,70,0,4412,0
1788069298.200,93.218,70,0,4414,0
1788069298.433,93.451,70,0,4414,0
1788069298.660,93.677,70,0,4417,0
1788069298.889,93.907,70,0,4425,0
1788069299.116,94.134,70,0,4435,0
1788069299.343,94.361,70,0,4445,0
1788069299.576,94.594,70,0,4453,0
1788069299.809,94.827,70,0,4464,0
1788069300.048,95.066,70,0,4472,0
1788069300.277,95.295,70,0,4484,0
1788069300.509,95.527,70,0,4492,0
1788069300.740,95.758,70,0,4505,0
1788069300.966,95.984,70,0,4513,0
1788069301.198,96.216,70,0,4521,0
1788069301.428,96.446,70,0,4533,0
1788069301.658,96.675,70,0,4541,0
1788069301.886,96.904,70,0,4550,0
1788069302.116,97.133,70,0,4562,0
1788069302.344,97.361,70,0,4572,0
1788069302.575,97.593,70,0,4583,0
1788069302.804,97.821,70,0,4594,0
1788069303.031,98.049,70,0,4602,0
1788069303.256,98.274,70,0,4610,0
1788069303.491,98.509,70,0,4618,0
1788069303.714,98.731,70,0,4620,0
1788069303.942,98.960,70,0,4622,0
1788069304.171,99.189,70,0,4623,0
1788069304.400,99.418,70,0,4623,0
1788069304.627,99.645,70,0,4627,0
1788069304.862,99.880,70,0,4629,0
1788069305.091,100.108,70,0,4629,0
1788069305.316,100.334,70,0,4630,0
1788069305.551,100.568,70,0,4630,0
1788069305.783,100.801,70,0,4632,0
1788069306.017,101.035,70,0,4634,0
1788069306.250,101.268,70,0,4635,0
1788069306.481,101.498,70,0,4635,0
1788069306.707,101.725,74,0,4637,0
1788069306.937,101.955,74,0,4637,0
1788069307.165,102.183,74,0,4645,0
1788069307.394,102.412,74,0,4654,0
1788069307.624,102.642,74,0,4664,0
1788069307.854,102.872,74,0,4674,0
1788069308.083,103.101,74,0,4682,0
1788069308.312,103.330,74,0,4693,0
1788069308.539,103.557,74,0,4701,0
1788069308.764,103.781,74,0,4711,0
1788069308.993,104.011,74,0,4722,0
1788069309.221,104.239,74,0,4730,0
1788069309.449,104.466,74,0,4739,0
1788069309.680,104.698,74,0,4749,0
1788069309.908,104.925,74,0,4759,0
1788069310.136,105.153,74,0,4767,0
1788069310.365,105.383,74,0,4778,0
1788069310.592,105.610,74,0,4786,0
1788069310.825,105.843,74,0,4798,0
1788069311.054,106.072,74,0,4808,0
1788069311.284,106.301,74,0,4816,0
1788069311.517,106.535,74,0,4827,0
1788069311.749,106.767,75,0,4837,0
1788069311.975,106.993,76,0,4841,0
1788069312.206,107.224,76,0,4841,0
1788069312.435,107.453,76,0,4842,0
1788069312.664,107.682,76,0,4842,0
1788069312.893,107.911,76,0,4842,0
1788069313.125,108.143,76,0,4846,0
1788069313.357,108.375,76,0,4846,0
1788069313.585,108.603,76,0,4846,0
1788069313.812,108.830,76,0,4847,0
1788069314.043,109.061,78,0,4847,0
1788069314.276,109.294,82,0,4851,0
1788069314.506,109.524,82,0,4851,0
1788069314.732,109.750,83,0,4852,0
1788069314.960,109.977,83,0,4852,0
1788069315.190,110.208,83,0,4857,0
1788069315.416,110.434,83,0,4861,0
1788069315.645,110.663,83,0,4873,0
1788069315.871,110.889,83,0,4881,0
1788069316.094,111.112,83,0,4889,0
1788069316.325,111.343,83,0,4900,0
1788069316.553,111.571,83,0,4908,0
1788069316.784,111.802,83,0,4917,0
1788069317.015,112.032,84,0,4927,0
1788069317.244,112.262,84,0,4938,0
1788069317.474,112.492,84,0,4946,0
1788069317.704,112.722,84,0,4957,0
1788069317.933,112.951,84,0,4965,0
1788069318.160,113.178,84,0,4977,0
1788069318.392,113.409,84,0,4985,0
1788069318.619,113.637,84,0,4993,0
1788069318.849,113.866,84,0,5005,0
1788069319.076,114.094,84,0,5013,0
1788069319.305,114.323,84,0,5031,0
1788069319.532,114.550,84,0,5043,0
1788069319.759,114.776,84,0,5053,0
1788069319.989,115.007,84,0,5061,0
1788069320.216,115.234,84,0,5070,0
1788069320.450,115.468,84,0,5070,0
1788069320.678,115.696,84,0,5073,0
1788069320.908,115.926,84,0,5073,0
1788069321.130,116.147,84,0,5073,0
1788069321.354,116.372,84,0,5077,0
1788069321.583,116.601,84,0,5077,0
1788069321.810,116.828,84,0,5077,0
1788069322.037,117.055,84,0,5080,0
1788069322.266,117.284,85,0,5080,0
1788069322.494,117.512,85,0,5086,0
1788069322.723,117.741,85,0,5087,0
1788069322.956,117.973,85,0,5087,0
1788069323.182,118.200,85,0,5088,0
1788069323.408,118.425,85,0,5088,0
1788069323.637,118.655,85,0,5090,0
1788069323.868,118.886,85,0,5101,0
1788069324.100,119.117,86,0,5109,0
1788069324.331,119.349,86,0,5118,0
1788069324.561,119.579,86,0,5128,0
1788069324.788,119.806,86,0,5140,0
1788069325.016,120.034,86,0,5150,0
1788069325.247,120.264,86,0,5159,0
1788069325.474,120.492,86,0,5167,0
1788069325.704,120.721,86,0,5180,0
1788069325.933,120.951,86,0,5188,0
1788069326.162,121.180,87,0,5196,0
1788069326.394,121.411,87,0,5207,0
1788069326.619,121.637,87,0,5215,0
1788069326.850,121.868,87,0,5225,0
1788069327.080,122.098,87,0,5235,0
1788069327.305,122.323,87,0,5244,0
1788069327.532,122.550,87,0,5254,0
1788069327.760,122.778,87,0,5264,0
1788069327.994,123.012,87,0,5272,0
1788069328.225,123.243,87,0,5287,0
1788069328.450,123.468,87,0,5295,0
1788069328.683,123.701,87,0,5295,0
1788069328.911,123.929,87,0,5296,0
1788069329.139,124.156,87,0,5296,0
1788069329.367,124.385,87,0,5297,0
1788069329.599,124.616,87,0,5299,0
1788069329.830,124.847,87,0,5300,0
1788069330.069,125.087,87,0,5300,0
1788069330.302,125.320,87,0,5301,0
1788069330.532,125.550,87,0,5301,0
1788069330.760,125.778,91,0,5302,0
1788069330.991,126.009,91,0,5304,0
1788069331.217,126.235,91,0,5304,0
1788069331.450,126.468,91,0,5305,0
1788069331.680,126.698,91,0,5305,0
1788069331.908,126.926,91,0,5306,0
1788069332.139,127.156,91,0,5316,0
1788069332.366,127.384,92,0,5324,0
1788069332.595,127.613,92,0,5333,0
1788069332.826,127.844,92,0,5343,0
1788069333.059,128.077,92,0,5352,0
1788069333.293,128.311,92,0,5362,0
1788069333.524,128.542,92,0,5374,0
1788069333.753,128.771,92,0,5382,0
1788069333.984,129.002,92,0,5392,0
1788069334.216,129.234,92,0,5401,0
1788069334.447,129.464,92,0,5409,0
1788069334.675,129.693,92,0,5419,0
1788069334.906,129.924,92,0,5427,0
1788069335.133,130.150,92,0,5438,0
1788069335.361,130.379,92,0,5446,0
1788069335.594,130.612,92,0,5455,0
1788069335.826,130.844,92,0,5465,0
1788069336.061,131.079,92,0,5473,0
1788069336.294,131.311,92,0,5484,0
1788069336.524,131.542,92,0,5492,0
1788069336.758,131.775,92,0,5504,0
1788069336.986,132.004,92,0,5504,0
1788069337.218,132.236,92,0,5504,0
1788069337.449,132.466,92,0,5504,0
1788069337.680,132.698,92,0,5504,0
1788069337.909,132.927,92,0,5504,0
1788069338.140,133.158,92,0,5507,0
1788069338.368,133.386,92,0,5507,0
1788069338.597,133.615,92,0,5507,0
1788069338.825,133.843,92,0,5508,0
1788069339.053,134.071,92,0,5508,0
1788069339.283,134.301,92,0,5514,0
1788069339.510,134.528,92,0,5514,0
1788069339.740,134.758,92,0,5516,0
1788069339.966,134.984,93,0,5516,0
1788069340.194,135.212,93,0,5516,0
1788069340.424,135.441,93,0,5520,0
1788069340.657,135.675,93,0,5533,0
1788069340.885,135.902,93,0,5546,0
1788069341.117,136.135,93,0,5556,0
1788069341.344,136.362,93,0,5564,0
1788069341.577,136.594,93,0,5572,0
1788069341.809,136.826,93,0,5583,0
1788069342.048,137.065,93,0,5593,0
1788069342.301,137.319,93,0,5603,0
1788069342.533,137.551,93,0,5615,0
1788069342.779,137.797,93,0,5623,0
1788069343.007,138.024,93,0,5634,0
1788069343.239,138.257,93,0,5642,0
1788069343.469,138.487,93,0,5652,0
1788069343.701,138.719,93,0,5660,0
1788069343.930,138.948,93,0,5670,0
1788069344.160,139.177,93,0,5678,0
1788069344.389,139.407,93,0,5688,0
1788069344.619,139.636,93,0,5696,0
1788069344.851,139.868,93,0,5720,0
1788069345.077,140.095,93,0,5735,0
1788069345.310,140.328,94,0,5735,0
1788069345.543,140.561,94,0,5735,0
1788069345.775,140.793,94,0,5735,0
1788069346.005,141.022,94,0,5735,0
1788069346.234,141.252,94,0,5736,0
1788069346.461,141.479,94,0,5738,0
1788069346.691,141.709,94,0,5738,0
1788069346.918,141.936,94,0,5738,0
1788069347.145,142.163,94,0,5738,0
1788069347.376,142.394,95,0,5738,0
1788069347.606,142.624,95,0,5740,0
1788069347.839,142.856,95,0,5741,0
1788069348.070,143.087,95,0,5741,0
1788069348.301,143.318,95,0,5741,0
1788069348.530,143.548,95,0,5741,0
1788069348.759,143.777,95,0,5745,0
1788069348.991,144.009,95,0,5753,0
1788069349.220,144.237,95,0,5763,0
1788069349.449,144.467,95,0,5772,0
1788069349.674,144.692,95,0,5782,0
1788069349.903,144.921,95,0,5793,0
1788069350.134,145.152,95,0,5835,0
1788069350.363,145.380,96,0,5847,0
1788069350.594,145.612,96,0,5874,0
1788069350.826,145.844,96,0,5882,0
1788069351.093,146.111,96,0,6007,0
1788069351.319,146.337,96,0,6032,0
1788069351.552,146.570,96,0,6049,0
1788069351.787,146.805,96,0,6084,0
1788069352.017,147.035,96,0,6106,0
1788069352.250,147.268,97,0,6133,0
1788069352.478,147.496,97,0,6234,0
1788069352.707,147.725,97,0,6242,0
1788069352.939,147.956,97,0,6255,0
1788069353.167,148.185,97,0,6263,0
1788069353.394,148.411,97,0,6276,0
1788069353.621,148.639,97,0,6284,0
1788069353.850,148.868,97,0,6284,0
1788069354.083,149.101,97,0,6284,0
1788069354.312,149.330,97,0,6284,0
1788069354.542,149.560,97,0,6284,0
1788069354.773,149.791,101,0,6286,0
1788069355.005,150.023,101,0,6288,0
1788069355.235,150.252,101,0,6288,0
1788069355.462,150.480,101,0,6288,0
1788069355.691,150.709,101,0,6288,0
1788069355.919,150.936,101,0,6290,0
1788069356.148,151.166,101,0,6290,0
1788069356.377,151.394,101,0,6291,0
1788069356.604,151.622,101,0,6291,0
1788069356.835,151.853,101,0,6292,0
1788069357.068,152.085,101,0,6292,0
1788069357.298,152.316,101,0,6301,0
1788069357.527,152.544,101,0,6309,0
1788069357.756,152.774,101,0,6319,0
1788069357.984,153.002,102,0,6328,0
1788069358.210,153.228,102,0,6336,0
1788069358.441,153.458,102,0,6346,0
1788069358.670,153.687,102,0,6355,0
1788069358.900,153.918,103,0,6365,0
1788069359.130,154.147,103,0,6376,0
1788069359.363,154.380,103,0,6384,0
1788069359.595,154.613,104,0,6394,0
1788069359.827,154.844,104,0,6402,0
1788069360.061,155.078,104,0,6413,0
1788069360.296,155.313,105,0,6421,0
1788069360.526,155.544,105,0,6431,0
1788069360.756,155.774,105,0,6441,0
1788069360.985,156.002,105,0,6449,0
1788069361.213,156.231,105,0,6473,0
1788069361.440,156.458,105,0,6484,0
1788069361.667,156.685,105,0,6492,0
1788069361.894,156.912,105,0,6502,0
1788069362.125,157.143,105,0,6506,0
1788069362.356,157.373,105,0,6508,0
1788069362.585,157.603,105,0,6509,0
1788069362.818,157.835,105,0,6509,0
1788069363.047,158.065,105,0,6511,0
1788069363.278,158.296,105,0,6516,0
1788069363.507,158.524,105,0,6516,0
1788069363.734,158.752,105,0,6516,0
1788069363.961,158.979,105,0,6517,0
1788069364.194,159.212,105,0,6518,0
1788069364.425,159.443,105,0,6521,0
1788069364.655,159.672,105,0,6522,0
1788069364.888,159.906,105,0,6527,0
1788069365.118,160.136,105,0,6527,0
1788069365.355,160.373,106,0,6528,0
1788069365.663,160.680,106,0,6534,0
1788069365.954,160.972,106,0,6546,0
1788069366.184,161.201,106,0,6555,0
1788069366.418,161.436,106,0,6566,0
1788069366.648,161.666,106,0,6574,0
1788069366.882,161.899,106,0,6582,0
1788069367.264,162.281,110,0,6609,0
1788069367.495,162.513,110,0,6632,0
1788069367.757,162.774,111,0,6661,0
1788069368.023,163.041,111,0,6674,0
1788069368.279,163.297,111,0,6684,0
1788069368.510,163.528,111,0,6692,0
1788069368.743,163.761,111,0,6703,0
1788069368.990,164.008,111,0,6711,0
1788069369.248,164.266,111,0,6722,0
1788069369.473,164.491,111,0,6733,0
1788069369.710,164.728,111,0,6742,0
1788069369.937,164.955,111,0,6752,0
1788069370.165,165.183,111,0,6760,0
1788069370.398,165.415,111,0,6768,0
1788069370.630,165.647,112,0,6772,0
1788069370.856,165.874,112,0,6776,0
1788069371.089,166.106,112,0,6776,0
1788069371.317,166.334,112,0,6776,0
1788069371.548,166.566,112,0,6776,0
1788069371.779,166.796,112,0,6779,0
1788069372.002,167.019,112,0,6781,0
1788069372.237,167.255,112,0,6781,0
1788069372.464,167.482,112,0,6796,0
1788069372.698,167.716,112,0,6796,0
1788069372.927,167.945,112,0,6799,0
1788069373.153,168.170,112,0,6799,0
1788069373.392,168.410,112,0,6805,0
1788069373.623,168.641,112,0,6861,0
1788069373.853,168.871,112,0,6862,0
1788069374.087,169.105,112,0,6866,0
1788069374.314,169.332,112,0,6874,0
1788069374.546,169.564,112,0,6885,0
1788069374.774,169.792,112,0,6893,0
1788069375.003,170.021,112,0,6903,0
1788069375.233,170.251,112,0,6913,0
1788069375.453,170.471,112,0,6921,0
1788069375.687,170.704,112,0,6929,0
1788069375.923,170.941,112,0,6939,0
1788069376.156,171.173,112,0,6948,0
1788069376.390,171.408,112,0,6965,0
1788069376.622,171.640,112,0,6974,0
1788069376.850,171.868,112,0,6982,0
1788069377.085,172.103,112,0,6993,0
1788069377.311,172.329,112,0,7001,0
1788069377.543,172.561,112,0,7011,0
1788069377.768,172.785,112,0,7019,0
1788069377.996,173.013,112,0,7053,0
1788069378.223,173.241,112,0,7064,0
1788069378.451,173.469,112,0,7072,0
1788069378.684,173.702,116,0,7080,0
1788069378.913,173.931,116,0,7086,0
1788069379.145,174.163,116,0,7086,0
1788069379.381,174.399,116,0,7086,0
1788069379.607,174.625,117,0,7087,0
1788069379.845,174.863,117,0,7088,0
1788069380.077,175.095,117,0,7091,0
1788069380.309,175.326,117,0,7095,0
1788069380.540,175.557,117,0,7095,0
1788069380.764,175.782,117,0,7098,0
1788069380.998,176.016,117,0,7098,0
1788069381.231,176.249,117,0,7100,0
1788069381.457,176.475,117,0,7101,0
1788069381.690,176.708,117,0,7102,0
1788069381.923,176.941,117,0,7103,0
1788069382.147,177.165,117,0,7105,0
1788069382.378,177.396,117,0,7117,0
1788069382.605,177.623,117,0,7127,0
1788069382.840,177.858,117,0,7138,0
1788069383.069,178.087,117,0,7146,0
1788069383.302,178.319,117,0,7154,0
1788069383.535,178.553,117,0,7162,0
1788069383.768,178.786,118,0,7173,0
1788069384.000,179.018,118,0,7181,0
1788069384.237,179.255,118,0,7191,0
1788069384.460,179.478,118,0,7199,0
1788069384.693,179.711,118,0,7209,0
1788069384.930,179.948,118,0,7220,0
1788069385.153,180.170,118,0,7229,0
1788069385.389,180.407,118,0,7238,0
1788069385.616,180.634,118,0,7249,0
1788069385.849,180.867,118,0,7260,0
1788069386.080,181.098,118,0,7270,0
1788069386.308,181.326,118,0,7279,0
1788069386.540,181.557,118,0,7287,0
1788069386.775,181.793,118,0,7297,0
1788069387.003,182.021,118,0,7305,0
1788069387.239,182.257,118,0,7317,0
1788069387.465,182.483,118,0,7317,0
1788069387.700,182.717,118,0,7317,0
1788069387.931,182.948,118,0,7327,0
1788069388.161,183.178,118,0,7327,0
1788069388.396,183.414,118,0,7329,0
1788069388.634,183.652,118,0,7329,0
1788069388.859,183.876,118,0,7329,0
1788069389.086,184.103,118,0,7329,0
1788069389.315,184.333,118,0,7330,0
1788069389.545,184.563,118,0,7332,0
1788069389.779,184.797,118,0,7332,0
1788069390.003,185.020,118,0,7333,0
1788069390.239,185.256,118,0,7333,0
1788069390.469,185.487,118,0,7335,0
1788069390.700,185.718,118,0,7335,0
1788069390.939,185.957,118,0,7344,0
1788069391.164,186.182,118,0,7354,0
1788069391.396,186.414,118,0,7362,0
1788069391.629,186.647,118,0,7371,0
1788069391.853,186.871,118,0,7381,0
1788069392.088,187.106,118,0,7391,0
1788069392.321,187.339,118,0,7400,0
1788069392.551,187.569,119,0,7411,0
1788069392.787,187.805,119,0,7419,0
1788069393.014,188.032,119,0,7430,0
1788069393.246,188.264,119,0,7438,0
1788069393.481,188.498,119,0,7446,0
1788069393.709,188.727,120,0,7457,0
1788069393.943,188.961,120,0,7465,0
1788069394.176,189.194,120,0,7475,0
1788069394.407,189.425,120,0,7484,0
1788069394.642,189.660,120,0,7494,0
1788069394.867,189.885,120,0,7502,0
1788069395.099,190.116,120,0,7512,0
1788069395.335,190.353,120,0,7523,0
1788069395.562,190.580,120,0,7531,0
1788069395.798,190.815,120,0,7532,0
1788069396.033,191.051,120,0,7533,0
1788069396.261,191.279,120,0,7534,0
1788069396.490,191.508,120,0,7540,0
1788069396.721,191.739,120,0,7542,0
1788069396.952,191.970,121,0,7545,0
1788069397.183,192.201,121,0,7545,0
1788069397.409,192.427,122,0,7546,0
1788069397.650,192.668,122,0,7546,0
1788069397.878,192.895,122,0,7546,0
1788069398.104,193.122,122,0,7548,0
1788069398.330,193.348,122,0,7548,0
1788069398.557,193.575,122,0,7548,0
1788069398.783,193.801,122,0,7548,0
1788069399.015,194.033,122,0,7549,0
1788069399.247,194.265,122,0,7568,0
1788069399.478,194.495,122,0,7578,0
1788069399.709,194.727,122,0,7586,0
1788069399.944,194.961,122,0,7597,0
1788069400.171,195.189,122,0,7606,0
1788069400.397,195.415,122,0,7616,0
1788069400.624,195.642,122,0,7626,0
1788069400.852,195.870,122,0,7637,0
1788069401.082,196.100,122,0,7649,0
1788069401.311,196.329,122,0,7657,0
1788069401.543,196.560,122,0,7666,0
1788069401.765,196.783,122,0,7676,0
1788069401.996,197.013,123,0,7686,0
1788069402.226,197.243,123,0,7695,0
1788069402.456,197.473,123,0,7707,0
1788069402.684,197.702,127,0,7715,0
1788069402.915,197.933,127,0,7723,0
1788069403.139,198.156,127,0,7733,0
1788069403.362,198.379,127,0,7741,0
1788069403.595,198.613,127,0,7750,0
1788069403.823,198.841,127,0,7762,0
1788069404.053,199.071,127,0,7762,0
1788069404.280,199.298,127,0,7762,0
1788069404.502,199.520,127,0,7762,0
1788069404.737,199.755,127,0,7765,0
1788069404.967,199.984,127,0,7765,0
1788069405.198,200.216,127,0,7767,0
1788069405.428,200.446,127,0,7767,0
1788069405.654,200.671,127,0,7767,0
1788069405.884,200.901,127,0,7769,0
1788069406.117,201.135,127,0,7769,0
1788069406.345,201.363,127,0,7772,0
1788069406.579,201.596,127,0,7775,0
1788069406.806,201.824,128,0,7776,0
1788069407.032,202.050,128,0,7776,0
1788069407.259,202.277,128,0,7777,0
1788069407.486,202.503,128,0,7782,0
1788069407.715,202.733,129,0,7790,0
1788069407.949,202.967,129,0,7798,0
1788069408.184,203.202,129,0,7809,0
1788069408.413,203.431,129,0,7817,0
1788069408.647,203.665,129,0,7828,0
1788069408.943,203.961,129,0,7838,0
1788069409.164,204.182,129,0,7857,0
1788069409.398,204.415,129,0,7867,0
1788069409.630,204.648,129,0,7876,0
1788069409.861,204.879,129,0,7886,0
1788069410.095,205.113,129,0,7895,0
1788069410.333,205.351,129,0,7903,0
1788069410.557,205.575,129,0,7914,0
1788069410.791,205.809,129,0,7922,0
1788069411.017,206.034,129,0,7933,0
1788069411.248,206.266,129,0,7945,0
1788069411.473,206.491,129,0,7953,0
1788069411.699,206.716,129,0,7964,0
1788069411.928,206.946,129,0,7972,0
1788069412.158,207.175,129,0,7984,0
1788069412.384,207.402,130,0,7989,0
1788069412.612,207.629,130,0,7989,0
1788069412.839,207.857,130,0,7990,0
1788069413.066,208.084,130,0,7990,0
1788069413.294,208.312,130,0,7990,0
1788069413.518,208.536,130,0,7992,0
1788069413.749,208.766,130,0,7993,0
1788069413.974,208.992,130,0,7993,0
1788069414.202,209.220,130,0,7993,0
1788069414.433,209.451,130,0,7993,0
1788069414.662,209.680,130,0,7995,0
1788069414.888,209.906,130,0,7995,0
1788069415.116,210.134,130,0,7996,0
1788069415.346,210.364,130,0,7996,0
1788069415.574,210.592,130,0,7996,0
1788069415.800,210.818,130,0,7999,0
1788069416.027,211.045,130,0,8007,0
1788069416.252,211.270,130,0,8019,0
1788069416.483,211.500,130,0,8027,0
1788069416.708,211.726,130,0,8035,0
1788069416.943,211.961,130,0,8045,0
1788069417.169,212.186,130,0,8054,0
1788069417.401,212.419,130,0,8064,0
1788069417.631,212.649,130,0,8074,0
1788069417.862,212.879,130,0,8082,0
1788069418.093,213.111,130,0,8092,0
1788069418.326,213.344,130,0,8100,0
1788069418.557,213.575,130,0,8109,0
1788069418.784,213.801,130,0,8119,0
1788069419.013,214.030,130,0,8127,0
1788069419.242,214.260,130,0,8135,0
1788069419.471,214.489,130,0,8143,0
1788069419.700,214.718,130,0,8153,0
1788069419.937,214.955,131,0,8161,0
1788069420.167,215.185,131,0,8172,0
1788069420.396,215.414,131,0,8180,0
1788069420.626,215.644,131,0,8190,0
1788069420.855,215.873,132,0,8191,0
1788069421.082,216.100,132,0,8191,0
1788069421.306,216.324,132,0,8193,0
1788069421.534,216.552,132,0,8193,0
1788069421.759,216.777,132,0,8195,0
1788069421.983,217.001,132,0,8197,0
1788069422.214,217.232,132,0,8198,0
1788069422.442,217.460,132,0,8202,0
1788069422.673,217.690,132,0,8203,0
1788069422.898,217.916,132,0,8203,0
1788069423.128,218.146,132,0,8206,0
1788069423.354,218.372,132,0,8206,0
1788069423.581,218.599,132,0,8206,0
1788069423.809,218.827,132,0,8207,0
1788069424.038,219.056,132,0,8207,0
1788069424.266,219.284,132,0,8213,0
1788069424.497,219.515,132,0,8221,0
1788069424.728,219.746,132,0,8234,0
1788069424.960,219.978,132,0,8242,0
1788069425.188,220.206,133,0,8251,0
1788069425.418,220.436,133,0,8261,0
1788069425.642,220.660,133,0,8269,0
1788069425.871,220.889,133,0,8278,0
1788069426.099,221.117,133,0,8288,0
1788069426.331,221.349,133,0,8297,0
1788069426.559,221.576,137,0,8305,0
1788069426.789,221.807,137,0,8316,0
1788069427.016,222.034,137,0,8324,0
1788069427.242,222.260,140,0,8333,0
1788069427.467,222.485,141,0,8343,0
1788069427.696,222.714,141,0,8352,0
1788069427.924,222.942,141,0,8364,0
1788069428.150,223.168,141,0,8375,0
1788069428.380,223.398,141,0,8384,0
1788069428.609,223.627,141,0,8394,0
1788069428.833,223.851,141,0,8402,0
1788069429.056,224.074,141,0,8406,0
1788069429.285,224.303,141,0,8407,0
1788069429.513,224.530,141,0,8407,0
1788069429.743,224.760,141,0,8407,0
1788069429.975,224.993,141,0,8407,0
1788069430.204,225.222,142,0,8409,0
1788069430.429,225.446,142,0,8409,0
1788069430.655,225.673,142,0,8409,0
1788069430.885,225.902,142,0,8415,0
1788069431.114,226.132,142,0,8415,0
1788069431.345,226.363,142,0,8417,0
1788069431.572,226.590,143,0,8417,0
1788069431.798,226.816,143,0,8417,0
1788069432.025,227.043,143,0,8420,0
1788069432.247,227.265,143,0,8420,0
1788069432.476,227.494,143,0,8420,0
1788069432.708,227.726,143,0,8430,0
1788069432.938,227.956,143,0,8440,0
1788069433.168,228.186,143,0,8451,0
1788069433.393,228.410,143,0,8460,0
1788069433.624,228.641,143,0,8468,0
1788069433.846,228.864,143,0,8476,0
1788069434.076,229.094,143,0,8487,0
1788069434.305,229.323,144,0,8495,0
1788069434.531,229.549,144,0,8503,0
1788069434.759,229.777,144,0,8513,0
1788069434.986,230.003,144,0,8521,0
1788069435.217,230.235,144,0,8535,0
1788069435.445,230.463,144,0,8544,0
1788069435.675,230.692,144,0,8552,0
1788069435.901,230.919,144,0,8562,0
1788069436.131,231.149,144,0,8570,0
1788069436.362,231.380,144,0,8578,0
1788069436.591,231.609,144,0,8586,0
1788069436.822,231.839,144,0,8596,0
1788069437.057,232.075,144,0,8606,0
1788069437.283,232.300,144,0,8616,0
1788069437.510,232.528,144,0,8616,0
1788069437.738,232.756,144,0,8616,0
1788069437.966,232.984,144,0,8616,0
1788069438.193,233.211,144,0,8647,0
1788069438.425,233.443,144,0,8648,0
1788069438.653,233.670,144,0,8651,0
1788069438.884,233.902,144,0,8651,0
1788069439.113,234.131,144,0,8651,0
1788069439.344,234.362,144,0,8652,0
1788069439.572,234.590,144,0,8652,0
1788069439.799,234.817,144,0,8654,0
1788069440.026,235.044,144,0,8654,0
1788069440.252,235.270,144,0,8664,0
1788069440.486,235.503,144,0,8666,0
1788069440.714,235.732,144,0,8668,0
1788069440.943,235.961,144,0,8673,0
1788069441.172,236.190,144,0,8684,0
1788069441.394,236.412,144,0,8695,0
1788069441.626,236.644,144,0,8705,0
1788069441.850,236.868,144,0,8715,0
1788069442.079,237.097,144,0,8728,0
1788069442.311,237.329,144,0,8736,0
1788069442.543,237.561,144,0,8749,0
1788069442.773,237.790,144,0,8757,0
1788069443.003,238.020,144,0,8765,0
1788069443.232,238.249,144,0,8775,0
1788069443.457,238.475,144,0,8783,0
1788069443.682,238.700,144,0,8793,0
1788069443.909,238.926,144,0,8803,0
1788069444.137,239.155,144,0,8812,0
1788069444.363,239.381,144,0,8820,0
1788069444.592,239.610,144,0,8831,0
1788069444.821,239.839,144,0,8842,0
1788069445.049,240.067,144,0,8850,0
1788069445.275,240.292,144,0,8860,0
1788069445.505,240.523,144,0,8868,0
1788069445.733,240.751,144,0,8874,0
1788069445.961,240.979,144,0,8874,0
1788069446.191,241.209,144,0,8875,0
1788069446.421,241.438,144,0,8875,0
1788069446.650,241.668,144,0,8875,0
1788069446.879,241.896,144,0,8878,0
1788069447.109,242.127,144,0,8878,0
1788069447.334,242.352,144,0,8878,0
1788069447.567,242.585,144,0,8878,0
1788069447.792,242.810,144,0,8879,0
1788069448.018,243.036,145,0,8881,0
1788069448.246,243.264,145,0,8881,0
1788069448.472,243.490,145,0,8882,0
1788069448.700,243.718,145,0,8882,0
1788069448.926,243.943,145,0,8883,0
1788069449.151,244.169,145,0,8884,0
1788069449.376,244.394,145,0,8894,0
1788069449.599,244.617,145,0,8902,0
1788069449.827,244.845,145,0,8910,0
1788069450.056,245.074,145,0,8920,0
1788069450.282,245.300,145,0,8928,0
1788069450.509,245.527,148,0,8937,0
1788069450.734,245.752,149,0,8947,0
1788069450.963,245.981,149,0,8955,0
1788069451.192,246.210,149,0,8966,0
1788069451.417,246.435,149,0,8978,0
1788069451.642,246.660,149,0,8987,0
1788069451.867,246.885,149,0,8995,0
1788069452.090,247.108,149,0,9005,0
1788069452.316,247.334,149,0,9016,0
1788069452.542,247.560,149,0,9024,0
1788069452.773,247.790,149,0,9033,0
1788069453.002,248.019,149,0,9043,0
1788069453.235,248.253,149,0,9051,0
1788069453.466,248.484,150,0,9059,0
1788069453.692,248.710,150,0,9070,0
1788069453.924,248.941,150,0,9078,0
1788069454.148,249.166,150,0,9083,0
1788069454.377,249.395,150,0,9085,0
1788069454.606,249.623,150,0,9086,0
1788069454.836,249.853,150,0,9086,0
1788069455.067,250.085,150,0,9086,0
1788069455.292,250.309,150,0,9089,0
1788069455.519,250.537,150,0,9089,0
1788069455.745,250.762,151,0,9089,0
1788069455.974,250.992,151,0,9089,0
1788069456.198,251.216,151,0,9090,0
1788069456.428,251.445,151,0,9092,0
1788069456.654,251.672,151,0,9092,0
1788069456.881,251.899,151,0,9092,0
1788069457.109,252.126,151,0,9092,0
1788069457.335,252.353,151,0,9092,0
1788069457.568,252.585,151,0,9094,0
1788069457.795,252.813,151,0,9103,0
1788069458.026,253.044,151,0,9113,0
1788069458.255,253.272,151,0,9121,0
1788069458.476,253.494,151,0,9129,0
1788069458.706,253.724,152,0,9139,0
1788069458.932,253.950,152,0,9147,0
1788069459.159,254.176,152,0,9159,0
1788069459.389,254.406,152,0,9172,0
1788069459.615,254.633,152,0,9183,0
1788069459.845,254.862,152,0,9191,0
1788069460.077,255.094,152,0,9202,0
1788069460.304,255.322,152,0,9211,0
1788069460.533,255.551,152,0,9219,0
1788069460.762,255.779,152,0,9231,0
1788069460.991,256.008,153,0,9240,0
1788069461.219,256.237,153,0,9250,0
1788069461.452,256.470,153,0,9259,0
1788069461.685,256.703,153,0,9269,0
1788069461.916,256.934,153,0,9278,0
1788069462.146,257.164,153,0,9288,0
1788069462.376,257.394,154,0,9300,0
1788069462.602,257.620,154,0,9301,0
1788069462.829,257.847,154,0,9301,0
1788069463.060,258.078,154,0,9301,0
1788069463.286,258.304,154,0,9301,0
1788069463.517,258.535,154,0,9303,0
1788069463.747,258.765,154,0,9304,0
1788069463.975,258.993,155,0,9304,0
1788069464.205,259.222,155,0,9305,0
1788069464.430,259.447,155,0,9305,0
1788069464.660,259.678,155,0,9309,0
1788069464.886,259.904,155,0,9315,0
1788069465.118,260.135,155,0,9315,0
1788069465.346,260.363,155,0,9316,0
1788069465.576,260.593,155,0,9316,0
1788069465.805,260.823,155,0,9316,0
1788069466.033,261.050,155,0,9322,0
1788069466.263,261.281,155,0,9330,0
1788069466.490,261.508,155,0,9339,0
1788069466.719,261.737,155,0,9349,0
1788069466.950,261.968,155,0,9357,0
1788069467.179,262.197,155,0,9365,0
1788069467.410,262.428,155,0,9375,0
1788069467.638,262.656,155,0,9383,0
1788069467.867,262.885,155,0,9393,0
1788069468.090,263.108,155,0,9403,0
1788069468.318,263.335,155,0,9411,0
1788069468.547,263.565,155,0,9419,0
1788069468.780,263.797,155,0,9430,0
1788069469.010,264.027,155,0,9438,0
1788069469.240,264.258,155,0,9447,0
1788069469.467,264.485,155,0,9455,0
1788069469.691,264.708,155,0,9465,0
1788069469.919,264.937,155,0,9473,0
1788069470.152,265.170,155,0,9481,0
1788069470.504,265.522,155,0,9591,0
1788069470.741,265.758,155,0,9605,0
1788069470.976,265.993,155,0,9622,0
1788069471.214,266.232,155,0,9622,0
1788069471.440,266.458,155,0,9624,0
1788069471.665,266.683,155,0,9624,0
1788069471.889,266.907,155,0,9628,0
1788069472.121,267.139,155,0,9634,0
1788069472.349,267.367,155,0,9635,0
1788069472.576,267.594,155,0,9635,0
1788069472.806,267.824,155,0,9636,0
1788069473.032,268.050,155,0,9636,0
1788069473.262,268.280,155,0,9638,0
1788069473.488,268.506,155,0,9638,0
1788069473.717,268.735,155,0,9638,0
1788069473.945,268.962,155,0,9638,0
1788069474.167,269.185,155,0,9639,0
1788069474.397,269.414,155,0,9643,0
1788069474.623,269.641,159,0,9651,0
1788069474.852,269.870,159,0,9661,0
1788069475.085,270.102,160,0,9669,0
1788069475.314,270.332,160,0,9690,0
1788069475.543,270.561,160,0,9701,0
1788069475.776,270.793,160,0,9709,0
1788069476.001,271.019,160,0,9721,0
1788069476.226,271.243,160,0,9732,0
1788069476.457,271.475,160,0,9740,0
1788069476.682,271.700,160,0,9748,0
1788069476.909,271.927,160,0,9758,0
1788069477.137,272.155,161,0,9766,0
1788069477.367,272.384,161,0,9775,0
1788069477.600,272.618,161,0,9785,0
1788069477.831,272.848,161,0,9793,0
1788069478.060,273.078,161,0,9803,0
1788069478.286,273.304,161,0,9811,0
1788069478.513,273.530,161,0,9819,0
1788069478.744,273.761,161,0,9828,0
1788069478.973,273.991,162,0,9838,0
1788069479.204,274.221,162,0,9844,0
1788069479.430,274.448,162,0,9844,0
1788069479.661,274.679,163,0,9844,0
1788069479.886,274.904,164,0,9844,0
1788069480.114,275.131,164,0,9844,0
1788069480.342,275.360,164,0,9847,0
1788069480.573,275.590,164,0,9847,0
1788069480.803,275.821,164,0,9849,0
1788069481.055,276.073,164,0,9850,0
1788069481.296,276.314,164,0,9858,0
1788069481.547,276.565,164,0,9860,0
1788069481.806,276.823,164,0,9864,0
1788069482.038,277.055,164,0,9870,0
1788069482.266,277.284,164,0,9870,0
1788069482.497,277.514,164,0,9879,0
1788069482.723,277.741,164,0,9883,0
1788069482.951,277.969,164,0,9893,0
1788069483.179,278.197,164,0,9905,0
1788069483.414,278.431,164,0,9913,0
1788069483.645,278.663,164,0,9925,0
1788069483.871,278.889,164,0,9936,0
1788069484.105,279.123,164,0,9946,0
1788069484.336,279.354,164,0,9958,0
1788069484.566,279.584,164,0,9966,0
1788069484.792,279.810,164,0,9979,0
1788069485.019,280.037,164,0,9987,0
1788069485.248,280.266,164,0,10040,0
1788069485.478,280.496,164,0,10070,0
1788069485.709,280.726,164,0,10086,0
1788069485.947,280.964,164,0,10095,0
1788069486.174,281.192,164,0,10107,0
1788069486.410,281.428,164,0,10115,0
1788069486.636,281.654,164,0,10124,0
1788069486.868,281.886,164,0,10136,0
1788069487.111,282.129,164,0,10144,0
1788069487.345,282.362,164,0,10156,0
1788069487.574,282.592,164,0,10164,0
1788069487.805,282.823,164,0,10168,0
1788069488.036,283.054,164,0,10168,0
1788069488.270,283.287,164,0,10168,0
1788069488.499,283.517,164,0,10168,0
1788069488.735,283.753,166,0,10170,0
1788069488.967,283.984,166,0,10173,0
1788069489.204,284.222,167,0,10173,0
1788069489.439,284.457,167,0,10173,0
1788069489.669,284.687,167,0,10173,0
1788069489.900,284.917,167,0,10173,0
1788069490.135,285.153,168,0,10175,0
1788069490.367,285.385,168,0,10176,0
1788069490.603,285.621,168,0,10176,0
1788069490.834,285.852,168,0,10178,0
1788069491.068,286.086,168,0,10178,0
1788069491.299,286.317,168,0,10182,0
1788069491.531,286.548,168,0,10192,0
1788069491.764,286.782,168,0,10200,0
1788069492.000,287.018,168,0,10211,0
1788069492.235,287.253,168,0,10221,0
1788069492.467,287.485,168,0,10230,0
1788069492.701,287.718,168,0,10238,0
1788069492.932,287.950,168,0,10246,0
1788069493.167,288.184,168,0,10254,0
1788069493.402,288.420,168,0,10262,0
1788069493.634,288.652,168,0,10271,0
1788069493.860,288.878,168,0,10279,0
1788069494.093,289.111,168,0,10287,0
1788069494.326,289.344,168,0,10295,0
1788069494.562,289.579,168,0,10303,0
1788069494.793,289.811,169,0,10311,0
1788069495.022,290.040,169,0,10319,0
1788069495.254,290.272,169,0,10328,0
1788069495.484,290.502,169,0,10336,0
1788069495.720,290.737,169,0,10344,0
1788069495.954,290.972,169,0,10354,0
1788069496.186,291.204,169,0,10362,0
1788069496.420,291.437,169,0,10370,0
1788069496.646,291.663,169,0,10372,0
1788069496.879,291.897,169,0,10374,0
1788069497.108,292.125,169,0,10375,0
1788069497.332,292.350,169,0,10377,0
1788069498.245,293.263,169,0,10383,0
1788069498.482,293.500,191,0,10393,0
1788069498.756,293.773,213,0,10412,0
1788069499.018,294.036,213,0,10417,0
1788069499.262,294.280,213,0,10417,0
1788069499.497,294.514,213,0,10417,0
1788069499.729,294.747,213,0,10417,0
1788069499.962,294.980,213,0,10417,0
1788069500.197,295.214,213,0,10428,0
1788069500.433,295.451,213,0,10436,0
1788069500.661,295.678,213,0,10448,0
1788069500.890,295.907,213,0,10456,0
1788069501.131,296.149,213,0,10467,0
1788069501.358,296.376,213,0,10475,0
1788069501.592,296.609,213,0,10494,0
1788069501.848,296.866,213,0,10505,0
1788069502.079,297.097,213,0,10516,0
1788069502.307,297.325,213,0,10528,0
1788069502.556,297.574,213,0,10539,0
1788069502.788,297.806,213,0,10550,0
1788069503.024,298.041,216,0,10559,0
1788069503.257,298.274,216,0,10567,0
1788069503.485,298.503,216,0,10575,0
1788069503.752,298.770,217,0,10584,0
1788069504.014,299.032,217,0,10594,0
1788069504.241,299.259,217,0,10604,0
1788069504.475,299.492,217,0,10612,0
1788069504.716,299.734,217,0,10624,0
1788069504.952,299.969,217,0,10631,0
1788069505.200,300.217,217,0,10631,0
1788069505.440,300.458,217,0,10631,0
1788069505.688,300.706,217,0,10631,0
1788069505.932,300.950,217,0,10631,0
1788069506.171,301.189,217,0,10633,0
1788069506.423,301.441,217,0,10635,0
1788069506.671,301.688,217,0,10635,0
1788069506.906,301.924,217,0,10635,0
1788069507.153,302.170,217,0,10635,0
1788069507.391,302.408,217,0,10641,0
1788069507.624,302.642,217,0,10643,0
1788069507.867,302.884,217,0,10644,0
1788069508.112,303.130,218,0,10644,0
1788069508.339,303.357,218,0,10644,0
1788069508.584,303.602,218,0,10650,0
1788069508.832,303.849,218,0,10660,0
1788069509.073,304.091,218,0,10669,0
1788069509.320,304.337,218,0,10679,0
1788069509.561,304.579,218,0,10687,0
1788069509.796,304.813,218,0,10697,0
1788069510.038,305.055,218,0,10705,0
1788069510.287,305.305,218,0,10715,0
1788069510.529,305.547,218,0,10724,0
1788069510.763,305.780,218,0,10734,0
1788069510.989,306.007,218,0,10742,0
1788069511.232,306.250,218,0,10756,0
1788069511.464,306.482,218,0,10764,0
1788069511.690,306.708,218,0,10773,0
1788069511.918,306.935,218,0,10783,0
1788069512.147,307.165,218,0,10793,0
1788069512.389,307.407,218,0,10802,0
1788069512.626,307.644,218,0,10813,0
1788069512.869,307.887,218,0,10822,0
1788069513.098,308.116,218,0,10833,0
1788069513.341,308.359,218,0,10841,0
1788069513.567,308.584,218,0,10841,0
1788069513.796,308.814,218,0,10842,0
1788069514.027,309.045,218,0,10842,0
1788069514.252,309.269,218,0,10842,0
1788069514.492,309.510,218,0,10844,0
1788069514.751,309.769,218,0,10844,0
1788069514.977,309.995,218,0,10844,0
1788069515.218,310.236,218,0,10845,0
1788069515.452,310.470,219,0,10845,0
1788069515.685,310.703,219,0,10848,0
1788069515.974,310.992,219,0,10848,0
1788069516.236,311.254,219,0,10849,0
1788069516.467,311.484,219,0,10849,0
1788069516.712,311.730,219,0,10851,0
1788069516.958,311.976,219,0,10855,0
1788069517.187,312.205,219,0,10866,0
1788069517.416,312.434,219,0,10874,0
1788069517.647,312.664,219,0,10885,0
1788069517.889,312.907,219,0,10894,0
1788069518.115,313.133,219,0,10905,0
1788069518.355,313.372,219,0,10913,0
1788069518.588,313.606,219,0,10924,0
1788069518.820,313.837,219,0,10933,0
1788069519.052,314.070,219,0,10941,0
1788069519.329,314.347,219,0,10951,0
1788069519.563,314.581,219,0,10961,0
1788069519.800,314.818,219,0,10972,0
1788069520.030,315.047,219,0,10980,0
1788069520.362,315.380,219,0,10989,0
1788069520.774,315.792,219,0,11002,0
1788069521.097,316.115,219,0,11038,0
1788069521.424,316.442,219,0,11059,0
1788069521.683,316.700,219,0,11072,0
1788069521.924,316.942,219,0,11084,0
1788069522.202,317.220,219,0,11094,0
1788069522.466,317.483,219,0,11096,0
1788069522.715,317.733,222,0,11096,0
1788069522.958,317.976,222,0,11098,0
1788069523.215,318.233,222,0,11098,0
1788069523.457,318.475,222,0,11101,0
1788069523.718,318.736,222,0,11102,0
1788069523.953,318.970,222,0,11102,0
1788069524.187,319.205,222,0,11103,0
1788069524.504,319.522,222,0,11103,0
1788069524.738,319.756,222,0,11108,0
1788069524.970,319.988,222,0,11108,0
1788069525.197,320.215,222,0,11109,0
1788069525.434,320.452,222,0,11109,0
1788069525.665,320.682,222,0,11109,0
1788069525.899,320.916,222,0,11117,0
1788069526.132,321.150,222,0,11131,0
1788069526.363,321.381,222,0,11144,0
1788069526.600,321.617,222,0,11152,0
1788069526.836,321.854,222,0,11162,0
1788069527.148,322.166,222,0,11170,0
1788069527.380,322.397,223,0,11183,0
1788069527.637,322.655,225,0,11193,0
1788069527.869,322.887,225,0,11201,0
1788069528.107,323.125,225,0,11209,0
1788069528.344,323.361,225,0,11220,0
1788069528.575,323.593,225,0,11228,0
1788069528.809,323.826,225,0,11240,0
1788069529.042,324.060,225,0,11249,0
1788069529.274,324.292,225,0,11258,0
1788069529.508,324.526,225,0,11268,0
1788069529.746,324.763,225,0,11276,0
1788069529.981,324.998,225,0,11286,0
1788069530.217,325.234,225,0,11294,0
1788069530.456,325.474,225,0,11303,0
1788069530.692,325.710,225,0,11309,0
1788069530.921,325.939,225,0,11319,0
1788069531.158,326.176,225,0,11324,0
1788069531.400,326.418,225,0,11336,0
1788069531.635,326.653,225,0,11342,0
1788069531.869,326.887,225,0,11348,0
1788069532.105,327.123,225,0,11353,0
1788069532.347,327.365,227,0,11356,0
1788069532.580,327.598,227,0,11356,0
1788069532.841,327.858,227,0,11356,0
1788069533.074,328.092,227,0,11358,0
1788069533.310,328.328,227,0,11358,0
1788069533.568,328.585,227,0,11358,0
1788069533.815,328.833,227,0,11360,0
1788069534.057,329.075,227,0,11361,0
1788069534.424,329.442,227,0,11369,0
1788069534.720,329.738,227,0,11390,0
1788069534.944,329.961,227,0,11398,0
1788069535.168,330.186,227,0,11408,0
1788069535.393,330.411,227,0,11416,0
1788069535.618,330.636,227,0,11424,0
1788069535.845,330.863,227,0,11432,0
1788069536.071,331.089,227,0,11443,0
1788069536.295,331.313,227,0,11452,0
1788069536.523,331.540,227,0,11460,0
1788069536.747,331.764,227,0,11473,0
1788069536.972,331.990,227,0,11493,0
1788069537.199,332.217,227,0,11502,0
1788069537.458,332.476,227,0,11510,0
1788069537.692,332.710,227,0,11521,0
1788069537.917,332.935,227,0,11532,0
1788069538.142,333.160,227,0,11540,0
1788069538.384,333.402,227,0,11548,0
1788069538.620,333.638,227,0,11558,0
1788069538.854,333.871,227,0,11566,0
1788069539.090,334.108,227,0,11579,0
1788069539.323,334.341,227,0,11579,0
1788069539.558,334.576,227,0,11580,0
1788069539.787,334.805,227,0,11581,0
1788069540.042,335.060,227,0,11581,0
1788069540.292,335.310,227,0,11597,0
1788069540.551,335.568,227,0,11599,0
1788069540.785,335.803,227,0,11601,0
1788069541.009,336.027,227,0,11601,0
1788069541.234,336.252,227,0,11602,0
1788069541.462,336.479,230,0,11604,0
1788069541.689,336.707,230,0,11606,0
1788069541.920,336.938,230,0,11607,0
1788069542.144,337.162,230,0,11609,0
1788069542.375,337.393,231,0,11612,0
1788069542.621,337.639,231,0,11613,0
1788069542.852,337.870,231,0,11623,0
1788069543.109,338.126,231,0,11631,0
1788069543.360,338.378,231,0,11641,0
1788069543.599,338.617,231,0,11649,0
1788069543.832,338.850,231,0,11658,0
1788069544.069,339.086,231,0,11668,0
1788069544.299,339.317,231,0,11676,0
1788069544.537,339.555,231,0,11686,0
1788069544.765,339.782,231,0,11698,0
1788069544.991,340.009,231,0,11708,0
1788069545.220,340.238,231,0,11717,0
1788069545.448,340.466,231,0,11726,0
1788069545.679,340.696,231,0,11736,0
1788069545.902,340.920,231,0,11745,0
1788069546.132,341.150,231,0,11753,0
1788069546.359,341.377,231,0,11761,0
1788069546.587,341.605,235,0,11771,0
1788069546.836,341.853,235,0,11780,0
1788069547.072,342.090,235,0,11790,0
1788069547.301,342.319,235,0,11798,0
1788069547.605,342.623,235,0,11808,0
1788069547.840,342.858,235,0,11808,0
1788069548.068,343.086,235,0,11808,0
1788069548.430,343.448,235,0,11811,0
1788069548.679,343.696,235,0,11815,0
1788069548.954,343.972,235,0,11826,0
1788069549.213,344.231,235,0,11836,0
1788069549.505,344.523,235,0,11837,0
1788069549.748,344.766,235,0,11837,0
1788069549.988,345.006,235,0,11839,0
1788069550.223,345.241,235,0,11840,0
1788069550.464,345.482,235,0,11842,0
1788069550.707,345.725,235,0,11844,0
1788069550.942,345.960,235,0,11845,0
1788069551.181,346.198,235,0,11847,0
1788069551.420,346.438,235,0,11858,0
1788069551.656,346.674,236,0,11867,0
1788069551.901,346.919,236,0,11878,0
1788069552.147,347.164,236,0,11888,0
1788069552.381,347.399,236,0,11896,0
1788069552.619,347.637,236,0,11906,0
1788069552.884,347.901,236,0,11914,0
1788069553.137,348.155,236,0,11925,0
1788069553.372,348.390,236,0,11935,0
1788069553.650,348.667,237,0,11943,0
1788069553.948,348.966,237,0,11964,0
1788069554.216,349.233,237,0,11975,0
1788069554.506,349.523,237,0,11985,0
1788069554.757,349.774,237,0,11995,0
1788069555.014,350.031,237,0,12005,0
1788069555.267,350.284,237,0,12020,0
1788069555.499,350.516,237,0,12029,0
1788069555.758,350.775,237,0,12044,0
1788069556.017,351.035,237,0,12055,0
1788069556.282,351.300,237,0,12061,0
1788069556.542,351.560,237,0,12062,0
1788069556.796,351.814,237,0,12062,0
1788069557.048,352.066,237,0,12062,0
1788069557.283,352.301,237,0,12062,0
1788069557.538,352.555,237,0,12065,0
1788069557.769,352.787,237,0,12065,0
1788069558.003,353.021,237,0,12111,0
1788069558.235,353.252,241,0,12112,0
1788069558.469,353.487,241,0,12113,0
1788069558.706,353.723,242,0,12115,0
1788069558.945,353.963,242,0,12116,0
1788069559.178,354.196,242,0,12116,0
1788069559.415,354.433,242,0,12116,0
1788069559.654,354.672,242,0,12116,0
1788069559.888,354.906,242,0,12125,0
1788069560.121,355.139,242,0,12133,0
1788069560.351,355.369,242,0,12143,0
1788069560.591,355.609,242,0,12151,0
1788069560.829,355.847,242,0,12184,0
1788069561.064,356.082,242,0,12199,0
1788069561.300,356.318,242,0,12209,0
1788069561.532,356.550,242,0,12217,0
1788069561.764,356.782,242,0,12226,0
1788069561.993,357.010,242,0,12238,0
1788069562.222,357.239,242,0,12247,0
1788069562.452,357.469,242,0,12258,0
1788069562.677,357.695,242,0,12268,0
1788069562.904,357.922,242,0,12277,0
1788069563.132,358.150,242,0,12286,0
1788069563.363,358.380,242,0,12294,0
1788069563.594,358.612,243,0,12302,0
1788069563.820,358.838,243,0,12312,0
1788069564.049,359.067,243,0,12321,0
1788069564.278,359.296,243,0,12329,0
1788069564.505,359.523,243,0,12341,0
1788069564.736,359.754,243,0,12343,0
1788069564.974,359.991,243,0,12343,0
1788069565.204,360.222,243,0,12344,0
1788069565.429,360.447,243,0,12344,0
1788069565.659,360.677,243,0,12344,0
1788069565.888,360.905,243,0,12346,0
1788069566.115,361.133,243,0,12351,0
1788069566.346,361.364,243,0,12351,0
1788069566.574,361.591,244,0,12352,0
1788069566.803,361.820,252,0,12353,0
1788069567.033,362.051,253,0,12355,0
1788069567.266,362.284,253,0,12355,0
1788069567.495,362.513,253,0,12355,0
1788069567.725,362.743,253,0,12356,0
1788069567.953,362.971,253,0,12356,0
1788069568.182,363.199,253,0,12360,0
1788069568.410,363.428,253,0,12368,0
1788069568.715,363.733,253,0,12376,0
1788069568.950,363.967,253,0,12388,0
1788069569.178,364.196,253,0,12397,0
1788069569.437,364.455,253,0,12405,0
1788069569.680,364.698,253,0,12415,0
1788069569.933,364.951,254,0,12425,0
1788069570.188,365.205,254,0,12433,0
1788069570.456,365.474,254,0,12443,0
1788069570.687,365.705,258,0,12454,0
1788069570.912,365.930,258,0,12462,0
1788069571.137,366.155,258,0,12472,0
1788069571.361,366.379,258,0,12481,0
1788069571.585,366.602,258,0,12489,0
1788069571.813,366.831,258,0,12499,0
1788069572.040,367.058,258,0,12511,0
1788069572.272,367.290,258,0,12519,0
1788069572.558,367.575,258,0,12536,0
1788069572.802,367.820,258,0,12577,0
1788069573.034,368.052,258,0,12604,0
1788069573.269,368.287,258,0,12604,0
1788069573.492,368.510,258,0,12604,0
1788069573.722,368.740,258,0,12604,0
1788069573.955,368.972,258,0,12606,0
1788069574.192,369.210,258,0,12617,0
1788069574.424,369.441,258,0,12617,0
1788069574.655,369.673,258,0,12617,0
1788069574.903,369.921,258,0,12618,0
1788069575.173,370.191,258,0,12625,0
1788069575.488,370.506,258,0,12629,0
1788069575.888,370.906,259,0,12633,0
1788069576.137,371.154,259,0,12645,0
1788069576.400,371.418,259,0,12663,0
1788069576.716,371.734,259,0,12668,0
1788069577.005,372.022,259,0,12681,0
1788069577.256,372.273,259,0,12694,0
1788069577.521,372.539,259,0,12707,0
1788069577.840,372.858,259,0,12720,0
1788069578.084,373.102,259,0,12732,0
1788069578.371,373.389,259,0,12745,0
1788069578.748,373.766,259,0,12757,0
1788069578.992,374.010,259,0,12771,0
1788069579.253,374.271,259,0,12785,0
1788069579.533,374.551,259,0,12796,0
1788069579.840,374.858,259,0,12810,0
1788069580.300,375.317,259,0,12823,0
1788069580.676,375.694,261,0,12835,0
1788069580.916,375.933,261,0,12852,0
1788069581.164,376.182,261,0,12861,0
1788069581.409,376.427,261,0,12871,0
1788069581.688,376.706,261,0,12883,0
1788069581.963,376.981,261,0,12894,0
1788069582.313,377.331,261,0,12910,0
1788069582.619,377.636,261,0,12914,0
1788069582.881,377.898,261,0,12917,0
1788069583.125,378.143,261,0,12920,0
1788069583.402,378.420,261,0,12924,0
1788069583.691,378.709,261,0,12925,0
1788069583.947,378.965,261,0,12928,0
1788069584.231,379.249,261,0,12930,0
1788069584.488,379.506,261,0,12934,0
1788069584.775,379.793,261,0,12937,0
1788069585.014,380.032,262,0,12939,0
1788069585.266,380.284,262,0,12940,0
1788069585.537,380.555,262,0,12942,0
1788069585.793,380.811,262,0,12951,0
1788069586.039,381.057,262,0,12963,0
1788069586.287,381.305,262,0,12972,0
1788069586.531,381.549,262,0,12982,0
1788069586.797,381.815,262,0,12993,0
1788069587.038,382.056,262,0,13003,0
1788069587.325,382.343,262,0,13015,0
1788069587.648,382.666,262,0,13031,0
1788069587.896,382.914,262,0,13043,0
1788069588.169,383.187,262,0,13056,0
1788069588.446,383.464,262,0,13069,0
1788069588.716,383.734,262,0,13081,0
1788069588.955,383.973,262,0,13093,0
1788069589.209,384.227,262,0,13103,0
1788069589.522,384.540,262,0,13112,0
1788069589.830,384.848,262,0,13123,0
1788069590.083,385.101,262,0,13134,0
1788069590.323,385.341,262,0,13143,0
1788069590.587,385.605,262,0,13154,0
1788069590.848,385.866,262,0,13165,0
1788069591.088,386.105,262,0,13172,0
1788069591.334,386.351,262,0,13173,0
1788069591.576,386.593,262,0,13174,0
1788069591.832,386.850,262,0,13179,0
1788069592.108,387.126,263,0,13185,0
1788069592.352,387.370,263,0,13187,0
1788069592.620,387.638,263,0,13188,0
1788069592.910,387.927,263,0,13192,0
1788069593.166,388.184,263,0,13198,0
1788069593.407,388.425,263,0,13200,0
1788069593.649,388.667,263,0,13201,0
1788069593.916,388.933,264,0,13202,0
1788069594.163,389.181,264,0,13205,0
1788069594.476,389.494,264,0,13210,0
1788069594.774,389.791,268,0,13224,0
1788069595.039,390.056,268,0,13234,0
1788069595.281,390.299,268,0,13251,0
1788069595.543,390.561,268,0,13263,0
1788069595.868,390.886,268,0,13274,0
1788069596.121,391.139,268,0,13284,0
1788069596.367,391.385,268,0,13293,0
1788069596.666,391.684,268,0,13304,0
1788069596.906,391.924,268,0,13318,0
1788069597.148,392.166,270,0,13328,0
1788069597.387,392.405,270,0,13337,0
1788069597.658,392.676,270,0,13347,0
1788069597.918,392.935,270,0,13358,0
1788069598.172,393.190,270,0,13369,0
1788069598.424,393.442,270,0,13379,0
1788069598.706,393.724,270,0,13389,0
1788069598.949,393.967,270,0,13400,0
1788069599.190,394.208,271,0,13410,0
1788069599.436,394.454,271,0,13414,0
1788069599.685,394.703,271,0,13415,0
1788069599.940,394.958,271,0,13415,0
1788069600.257,395.275,271,0,13415,0
1788069600.533,395.550,271,0,13417,0
1788069600.934,395.952,271,0,13430,0
1788069601.195,396.213,271,0,13446,0
1788069601.434,396.452,271,0,13459,0
1788069601.667,396.684,271,0,13488,0
1788069601.899,396.916,271,0,13489,0
1788069602.129,397.147,271,0,13491,0
1788069602.352,397.370,271,0,13494,0
1788069602.582,397.599,271,0,13494,0
1788069602.812,397.830,271,0,13495,0
1788069603.039,398.057,271,0,13503,0
1788069603.286,398.304,271,0,13518,0
1788069603.521,398.539,271,0,13527,0
1788069603.753,398.771,271,0,13537,0
1788069603.992,399.010,271,0,13548,0
1788069604.260,399.277,271,0,13556,0
1788069604.502,399.519,271,0,13566,0
1788069604.735,399.753,271,0,13578,0
1788069604.970,399.988,271,0,13587,0
1788069605.206,400.224,271,0,13595,0
1788069605.442,400.460,271,0,13603,0
1788069605.674,400.692,271,0,13619,0
1788069605.908,400.926,271,0,13632,0
1788069606.141,401.159,271,0,13640,0
1788069606.384,401.402,271,0,13664,0
1788069606.618,401.635,271,0,13672,0
1788069606.850,401.868,271,0,13680,0
1788069607.082,402.100,271,0,13690,0
1788069607.315,402.333,272,0,13701,0
1788069607.542,402.560,273,0,13709,0
1788069607.771,402.789,273,0,13719,0
1788069608.005,403.023,273,0,13719,0
1788069608.234,403.252,273,0,13719,0
1788069608.474,403.492,273,0,13723,0
1788069608.709,403.727,273,0,13726,0
1788069608.939,403.957,273,0,13729,0
1788069609.174,404.192,273,0,13729,0
1788069609.436,404.454,273,0,13729,0
1788069609.729,404.747,273,0,13729,0
1788069610.007,405.025,273,0,13730,0
1788069610.273,405.291,273,0,13732,0
1788069610.624,405.641,273,0,13732,0
1788069610.916,405.934,274,0,13734,0
1788069611.147,406.165,274,0,13738,0
1788069611.376,406.394,274,0,13740,0
1788069611.607,406.624,274,0,13750,0
1788069611.856,406.874,274,0,13758,0
1788069612.090,407.107,275,0,13771,0
1788069612.321,407.339,275,0,13779,0
1788069612.550,407.568,275,0,13787,0
1788069612.784,407.802,275,0,13797,0
1788069613.026,408.044,275,0,13805,0
1788069613.360,408.378,275,0,13816,0
1788069613.593,408.610,275,0,13826,0
1788069613.836,408.853,275,0,13836,0
1788069614.063,409.080,275,0,13846,0
1788069614.291,409.309,275,0,13855,0
1788069614.532,409.550,275,0,13864,0
1788069614.759,409.777,275,0,13874,0
1788069615.020,410.038,275,0,13882,0
1788069615.249,410.266,275,0,13892,0
1788069615.488,410.506,275,0,13900,0
1788069615.715,410.733,275,0,13909,0
1788069615.947,410.965,275,0,13919,0
1788069616.195,411.213,275,0,13927,0
1788069616.426,411.444,275,0,13931,0
1788069616.655,411.673,275,0,13931,0
1788069616.887,411.905,275,0,13931,0
1788069617.114,412.132,275,0,13932,0
1788069617.346,412.364,276,0,13932,0
1788069617.572,412.590,276,0,13934,0
1788069617.801,412.819,276,0,13934,0
1788069618.035,413.053,276,0,13946,0
1788069618.266,413.284,276,0,13947,0
1788069618.500,413.518,276,0,13947,0
1788069618.733,413.750,280,0,13949,0
1788069619.281,414.299,280,0,13951,0
1788069619.567,414.585,280,0,13953,0
1788069619.985,415.002,281,0,13956,0
1788069620.330,415.348,281,0,13968,0
1788069620.592,415.610,281,0,13978,0
1788069620.981,415.999,281,0,14005,0
1788069621.210,416.228,290,0,14017,0
1788069621.478,416.496,292,0,14024,0
1788069621.708,416.725,292,0,14034,0
1788069621.937,416.954,292,0,14045,0
1788069622.160,417.178,292,0,14055,0
1788069622.387,417.405,292,0,14067,0
1788069622.632,417.650,292,0,14088,0
1788069622.863,417.880,292,0,14190,0
1788069623.089,418.107,292,0,14198,0
1788069623.313,418.331,292,0,14206,0
1788069623.535,418.553,292,0,14214,0
1788069623.771,418.789,293,0,14224,0
1788069624.001,419.019,293,0,14232,0
1788069624.226,419.244,293,0,14241,0
1788069624.457,419.475,293,0,14264,0
1788069624.689,419.706,293,0,14277,0
1788069624.909,419.927,293,0,14289,0
1788069625.135,420.153,293,0,14290,0
1788069625.357,420.375,293,0,14290,0
1788069625.586,420.604,293,0,14290,0
1788069625.823,420.841,293,0,14290,0
1788069626.057,421.075,293,0,14290,0
1788069626.301,421.319,293,0,14293,0
1788069626.524,421.542,293,0,14293,0
1788069626.752,421.769,293,0,14293,0
1788069626.975,421.992,293,0,14293,0
1788069627.201,422.219,293,0,14297,0
1788069627.425,422.443,293,0,14299,0
1788069627.653,422.671,293,0,14300,0
1788069627.876,422.894,293,0,14300,0
1788069628.099,423.117,293,0,14300,0
1788069628.325,423.343,293,0,14300,0
1788069628.550,423.567,293,0,14304,0
1788069628.773,423.791,293,0,14312,0
1788069629.002,424.020,293,0,14320,0
1788069629.233,424.251,293,0,14331,0
1788069629.464,424.482,293,0,14339,0
1788069629.691,424.709,293,0,14347,0
1788069629.915,424.933,293,0,14358,0
1788069630.138,425.155,293,0,14367,0
1788069630.358,425.375,293,0,14376,0
1788069630.579,425.597,293,0,14386,0
1788069630.810,425.827,293,0,14394,0
1788069631.032,426.050,294,0,14402,0
1788069631.257,426.275,294,0,14412,0
1788069631.485,426.503,294,0,14421,0
1788069631.710,426.728,294,0,14429,0
1788069631.939,426.956,295,0,14439,0
1788069632.166,427.183,295,0,14450,0
1788069632.392,427.410,295,0,14460,0
1788069632.617,427.635,295,0,14470,0
1788069632.842,427.860,295,0,14478,0
1788069633.068,428.086,295,0,14489,0
1788069633.291,428.309,295,0,14495,0
1788069633.520,428.538,295,0,14495,0
1788069633.745,428.763,295,0,14496,0
1788069633.972,428.989,295,0,14496,0
1788069634.199,429.217,295,0,14496,0
1788069634.423,429.440,295,0,14498,0
1788069634.644,429.662,295,0,14498,0
1788069634.866,429.884,295,0,14498,0
1788069635.093,430.111,295,0,14498,0
1788069635.319,430.336,295,0,14500,0
1788069635.541,430.559,295,0,14500,0
1788069635.770,430.788,295,0,14503,0
1788069635.997,431.015,295,0,14503,0
1788069636.219,431.237,295,0,14503,0
1788069636.445,431.463,295,0,14504,0
1788069636.669,431.687,295,0,14504,0
1788069636.896,431.913,295,0,14510,0
1788069637.122,432.140,295,0,14518,0
1788069637.350,432.367,296,0,14528,0
1788069637.576,432.594,296,0,14536,0
1788069637.802,432.820,296,0,14545,0
1788069638.029,433.047,296,0,14555,0
1788069638.256,433.274,296,0,14563,0
1788069638.480,433.498,296,0,14571,0
1788069638.704,433.721,297,0,14582,0
1788069638.926,433.944,297,0,14590,0
1788069639.153,434.170,297,0,14598,0
1788069639.378,434.395,297,0,14607,0
1788069639.603,434.621,297,0,14615,0
1788069639.826,434.844,297,0,14626,0
1788069640.052,435.070,297,0,14634,0
1788069640.278,435.295,297,0,14642,0
1788069640.502,435.520,297,0,14650,0
1788069640.723,435.741,297,0,14666,0
1788069640.953,435.970,297,0,14675,0
1788069641.191,436.209,297,0,14685,0
1788069641.419,436.437,297,0,14693,0
1788069641.642,436.659,297,0,14699,0
1788069641.869,436.887,297,0,14699,0
1788069642.096,437.114,297,0,14703,0
1788069642.318,437.336,297,0,14708,0
